image,date,munro_id,name,height_m,scene_id,overpass_time,held_out,label,summit_cloud,low_cloud,photo_step,photo_links,visible,photo_shows,notes
2018-05-14_munro-956.png,2018-05-14,956,Spidean Coire nan Clach (Beinn Eighe),993.0,S2B_MSIL2A_20180514T115359_R023_T30VUJ_20201012T095407,2018-05-14T11:53,False,summit_cloud,1.0,0.6703642718895341,False,,N,,
2022-12-11_munro-1246.png,2022-12-11,1246,Sgurr nan Gillean,966.1,S2A_MSIL2A_20221211T114501_R123_T30VUJ_20221212T043734,2022-12-11T11:45,True,inversion,0.0,0.2513891915449989,False,,N,,
2019-10-25_munro-691.png,2019-10-25,691,Spidean Mialach,996.0,S2A_MSIL2A_20191025T113321_R080_T30VUJ_20201004T060250,2019-10-25T11:33,False,inversion,0.0,0.4747195104181844,False,,N,,
2025-12-24_munro-1165.png,2025-12-24,1165,Ben Klibreck - Meall nan Con,962.1,S2A_MSIL2A_20251224T113531_R080_T30VVK_20251224T131513,2025-12-24T11:35,True,mixed,0.4541484716157205,0.5812075218676663,False,,N,,
2022-05-07_munro-575.png,2022-05-07,575,The Devil's Point,1006.9,S2B_MSIL2A_20220507T113319_R080_T30VVJ_20240611T132121,2022-05-07T11:33,True,mixed,0.3973509933774834,0.7677657177964367,False,,Y,,
2022-08-11_munro-1301.png,2022-08-11,1301,Ben More,966.0,S2B_MSIL2A_20220811T115409_R023_T30VUH_20220812T080742,2022-08-11T11:54,True,inversion,0.0,0.2465609009796611,False,,N,,
2021-02-07_munro-1301.png,2021-02-07,1301,Ben More,966.0,S2B_MSIL2A_20210207T115359_R023_T30VUH_20210207T210035,2021-02-07T11:53,False,inversion,0.0,0.3219253811935924,False,,N,,
2020-09-09_munro-485.png,2020-09-09,485,Mount Keen,939.0,S2A_MSIL2A_20200909T113321_R080_T30VVJ_20200911T234006,2020-09-09T11:33,False,inversion,0.0,0.1043620914482816,False,,N,,
2019-06-07_munro-518.png,2019-06-07,518,Ben Macdui [Beinn Macduibh],1309.0,S2A_MSIL2A_20190607T113321_R080_T30VVJ_20201005T231034,2019-06-07T11:33,False,inversion,0.0110253583241455,0.3152738432483475,False,,N,,
2022-07-19_munro-1009.png,2022-07-19,1009,Sgurr Ban,989.0,S2B_MSIL2A_20220719T114359_R123_T30VUK_20220719T215659,2022-07-19T11:43,True,clear,0.0,0.0427625899280575,False,,N,,
2021-04-10_munro-1010.png,2021-04-10,1010,Slioch,981.0,S2A_MSIL2A_20210410T114341_R123_T30VUJ_20210523T112456,2021-04-10T11:43,False,inversion,0.0,0.252897068847989,False,,N,,
2019-04-13_munro-485.png,2019-04-13,485,Mount Keen,939.0,S2B_MSIL2A_20190413T113329_R080_T30VVJ_20201007T014542,2019-04-13T11:33,False,inversion,0.088235294117647,0.3070289824590922,False,,N,,
2021-03-28_munro-733.png,2021-03-28,733,Sgurr Mor,1003.0,S2A_MSIL2A_20210328T113321_R080_T30VUJ_20210329T080727,2021-03-28T11:33,False,inversion,0.0,0.5598117724758523,False,,N,,
2017-06-03_munro-1123.png,2017-06-03,1123,Ben Hope,927.0,S2A_MSIL2A_20170603T115401_R023_T30VVK_20210209T201216,2017-06-03T11:54,False,inversion,0.0111731843575419,0.3411467249598356,False,,N,,
2018-04-03_munro-871.png,2018-04-03,871,Carn Ghluasaid,957.0,S2A_MSIL2A_20180403T113321_R080_T30VUJ_20201012T174514,2018-04-03T11:33,False,mixed,0.0,0.0933310765064319,False,,N,,
2023-11-16_munro-1165.png,2023-11-16,1165,Ben Klibreck - Meall nan Con,962.1,S2A_MSIL2A_20231116T114351_R123_T30VVK_20241031T043135,2023-11-16T11:43,True,clear,0.0,0.0049142732335917,False,,N,,
2023-12-06_munro-1123.png,2023-12-06,1123,Ben Hope,927.0,S2A_MSIL2A_20231206T114441_R123_T30VVK_20241018T002738,2023-12-06T11:44,True,inversion,0.0,0.2623455977244594,False,,N,,
2024-07-05_munro-426.png,2024-07-05,426,Carn an Righ,1029.0,S2B_MSIL2A_20240705T113319_R080_T30VVJ_20240706T030944,2024-07-05T11:33,True,mixed,0.4473684210526316,0.7673982031913467,False,,N,,
2022-11-11_munro-1019.png,2022-11-11,1019,Beinn Tarsuinn,933.8,S2A_MSIL2A_20221111T114351_R123_T30VUK_20221111T235756,2022-11-11T11:43,True,summit_cloud,0.7431192660550459,0.9820214435146444,False,,N,,
2017-02-10_munro-109.png,2017-02-10,109,Carn Gorm,1029.0,S2A_MSIL2A_20170210T114341_R123_T30VVH_20210208T100739,2017-02-10T11:43,False,mixed,0.3248730964467005,0.6955099131786964,False,,N,,
2025-08-12_munro-282.png,2025-08-12,282,Carn Mor Dearg,1220.0,S2B_MSIL2A_20250812T114349_R123_T30VUJ_20250812T152613,2025-08-12T11:43,True,mixed,0.0,0.075528520738289,False,,N,,
2019-03-19_munro-479.png,2019-03-19,479,Tolmount,958.0,S2A_MSIL2A_20190319T113321_R080_T30VVJ_20201007T081214,2019-03-19T11:33,False,inversion,0.0,0.4849756588887023,False,,N,,
2019-01-18_munro-1123.png,2019-01-18,1123,Ben Hope,927.0,S2A_MSIL2A_20190118T113411_R080_T30VVK_20201008T023316,2019-01-18T11:34,False,inversion,0.0279329608938547,0.2423556058890147,False,,N,,
2023-11-16_munro-1088.png,2023-11-16,1088,Glas Leathad Mor (Ben Wyvis),1046.0,S2A_MSIL2A_20231116T114351_R123_T30VVJ_20241031T043135,2023-11-16T11:43,True,inversion,0.0787172011661807,0.3907062254342589,False,,N,,
2019-06-19_munro-485.png,2019-06-19,485,Mount Keen,939.0,S2B_MSIL2A_20190619T112119_R037_T30VVJ_20201006T041710,2019-06-19T11:21,False,inversion,0.0,0.2254271696836406,True,https://www.geograph.org.uk/photo/6201592 https://www.geograph.org.uk/photo/6201589 https://www.geograph.org.uk/photo/6201586,Y,no_view,
2024-06-07_munro-485.png,2024-06-07,485,Mount Keen,939.0,S2A_MSIL2A_20240607T112121_R037_T30VVJ_20240607T160545,2024-06-07T11:21,True,inversion,0.0672268907563025,0.7064197011155546,False,,N,,
2017-09-30_munro-31.png,2017-09-30,31,An Caisteal,995.9,S2B_MSIL2A_20170930T113309_R080_T30VUH_20210202T121112,2017-09-30T11:33,False,mixed,0.3096774193548387,0.5375622039690628,False,,Y,,
2017-09-30_munro-351.png,2017-09-30,351,Chno Dearg,1046.0,S2B_MSIL2A_20170930T113309_R080_T30VUH_20210202T121112,2017-09-30T11:33,False,inversion,0.0,0.3290202214732787,False,,N,,
2024-09-08_munro-301.png,2024-09-08,301,Na Gruagaichean,1054.3,S2A_MSIL2A_20240908T113321_R080_T30VUH_20240908T145448,2024-09-08T11:33,True,inversion,0.0,0.1192630218508611,False,,N,,
2025-11-25_munro-1165.png,2025-11-25,1165,Ben Klibreck - Meall nan Con,962.1,S2C_MSIL2A_20251125T114431_R123_T30VVK_20251125T150420,2025-11-25T11:44,True,inversion,0.0,0.222207054712242,False,,N,,
2021-04-12_munro-485.png,2021-04-12,485,Mount Keen,939.0,S2B_MSIL2A_20210412T113319_R080_T30VVJ_20210524T203817,2021-04-12T11:33,False,mixed,0.1218487394957983,0.0257855550414335,False,,N,,
2021-04-10_munro-1041.png,2021-04-10,1041,Sgurr nan Clach Geala,1093.0,S2A_MSIL2A_20210410T114341_R123_T30VUK_20210523T112458,2021-04-10T11:43,False,inversion,0.0,0.1455859123617855,False,,N,,
2021-04-10_munro-1165.png,2021-04-10,1165,Ben Klibreck - Meall nan Con,962.1,S2A_MSIL2A_20210410T114341_R123_T30VVK_20210523T112459,2021-04-10T11:43,False,inversion,0.0043668122270742,0.4038713552473517,False,,N,,
2024-09-08_munro-209.png,2024-09-08,209,Stob Coire Raineach (Buachaille Etive Beag),924.5,S2A_MSIL2A_20240908T113321_R080_T30VUH_20240908T145448,2024-09-08T11:33,True,inversion,0.0,0.3680925666199158,False,,N,,
2017-03-09_munro-149.png,2017-03-09,149,Meall nan Tarmachan,1043.6,S2A_MSIL2A_20170309T113311_R080_T30VVH_20210208T210155,2017-03-09T11:33,False,inversion,0.0,0.2619229059503397,False,,N,,
2021-07-02_munro-737.png,2021-07-02,737,Meall Buidhe,946.0,S2A_MSIL2A_20210702T115401_R023_T30VUJ_20210703T022133,2021-07-02T11:54,False,mixed,0.3990147783251231,0.032511723664646,False,,N,,
2018-04-04_munro-1184.png,2018-04-04,1184,Conival,987.0,S2B_MSIL2A_20180404T115359_R023_T30VUK_20201012T182143,2018-04-04T11:53,False,mixed,0.0,0.0792494289762049,False,,N,,
2017-06-03_munro-1019.png,2017-06-03,1019,Beinn Tarsuinn,933.8,S2A_MSIL2A_20170603T115401_R023_T30VUK_20210209T201213,2017-06-03T11:54,False,inversion,0.036697247706422,0.9140951882845187,False,,N,,
2022-03-23_munro-279.png,2022-03-23,279,Aonach Beag,1234.0,S2A_MSIL2A_20220323T113321_R080_T30VUJ_20240522T054141,2022-03-23T11:33,True,clear,0.0,0.0150948948065322,False,,N,,
2018-07-10_munro-295.png,2018-07-10,295,Sgurr a' Mhaim,1099.0,S2B_MSIL2A_20180710T114349_R123_T30VUH_20201011T141745,2018-07-10T11:43,False,mixed,0.4555555555555555,0.7998325925070715,False,,N,,
2017-03-26_munro-485.png,2017-03-26,485,Mount Keen,939.0,S2A_MSIL2A_20170326T112111_R037_T30VVJ_20210209T015449,2017-03-26T11:21,False,clear,0.0042016806722689,0.0,False,,N,,
2020-06-04_munro-1243.png,2020-06-04,1243,Sgurr a' Ghreadaidh,972.1,S2A_MSIL2A_20200604T114401_R123_T30VUJ_20200826T023731,2020-06-04T11:44,False,summit_cloud,1.0,0.995684025214379,False,,N,,
2022-05-15_munro-1014.png,2022-05-15,1014,A' Mhaighdean,967.0,S2A_MSIL2A_20220515T114351_R123_T30VUK_20240616T041853,2022-05-15T11:43,True,clear,0.0,0.0096621293145357,False,,N,,
2025-12-24_munro-485.png,2025-12-24,485,Mount Keen,939.0,S2A_MSIL2A_20251224T113531_R080_T30VVJ_20251224T131513,2025-12-24T11:35,True,inversion,0.0,0.1197156437975855,False,,N,,
2022-12-11_munro-241.png,2022-12-11,241,Stob Coir' an Albannaich,1044.0,S2A_MSIL2A_20221211T114501_R123_T30VUH_20221212T030724,2022-12-11T11:45,True,inversion,0.0,0.2967224753002425,False,,N,,
2023-03-09_munro-695.png,2023-03-09,695,Beinn Sgritheall,974.0,S2B_MSIL2A_20230309T115409_R023_T30VUJ_20240806T165450,2023-03-09T11:54,True,mixed,0.0,0.0623923698503113,False,,N,,
2021-07-21_munro-1123.png,2021-07-21,1123,Ben Hope,927.0,S2B_MSIL2A_20210721T113319_R080_T30VVK_20210721T221726,2021-07-21T11:33,False,inversion,0.0,0.3738839579657089,False,,Y,,
2023-08-13_munro-1165.png,2023-08-13,1165,Ben Klibreck - Meall nan Con,962.1,S2B_MSIL2A_20230813T114349_R123_T30VVK_20240823T010007,2023-08-13T11:43,True,mixed,0.4890829694323144,0.3820028393578683,False,,N,,
2020-07-12_munro-1301.png,2020-07-12,1301,Ben More,966.0,S2B_MSIL2A_20200712T115359_R023_T30VUH_20200912T232433,2020-07-12T11:53,False,inversion,0.0258620689655172,0.1971664395361394,False,,N,,
2018-07-30_munro-150.png,2018-07-30,150,Meall Ghaordaidh,1039.8,S2B_MSIL2A_20180730T114349_R123_T30VVH_20201011T215141,2018-07-30T11:43,False,inversion,0.0754716981132075,0.2851990852049493,False,,N,,
2019-06-07_munro-663.png,2019-06-07,663,Beinn a' Chaorainn,1049.1,S2A_MSIL2A_20190607T113321_R080_T30VUJ_20201005T231026,2019-06-07T11:33,False,inversion,0.0020408163265306,0.3483866635328879,False,,N,,
2021-05-07_munro-624.png,2021-05-07,624,Geal Charn,926.0,S2A_MSIL2A_20210507T113321_R080_T30VVJ_20210524T044441,2021-05-07T11:33,False,inversion,0.0,0.1095036168620603,False,,N,,
2018-11-27_munro-559.png,2018-11-27,559,Beinn a' Chaorainn,1083.0,S2B_MSIL2A_20181127T114419_R123_T30VVJ_20201008T221440,2018-11-27T11:44,False,inversion,0.032,0.230691373403924,False,,N,,
2021-03-26_munro-1003.png,2021-03-26,1003,Bidein a' Ghlas Thuill (An Teallach),1062.5,S2B_MSIL2A_20210326T114349_R123_T30VUK_20210327T021008,2021-03-26T11:43,False,inversion,0.0434782608695652,0.4218656186889362,False,,N,,
2021-11-19_munro-1041.png,2021-11-19,1041,Sgurr nan Clach Geala,1093.0,S2A_MSIL2A_20211119T115401_R023_T30VUK_20211120T020910,2021-11-19T11:54,False,mixed,0.1526717557251908,0.6754675118858954,False,,N,,
2026-07-23_munro-145.png,2026-07-23,145,Beinn Sheasgarnaich [Beinn Heasgarnich],1077.4,S2C_MSIL2A_20260723T114351_R123_T30VUH_20260723T151752,2026-07-23T11:43,True,inversion,0.0191846522781774,0.3074439356580956,False,,N,,
2022-12-11_munro-148.png,2022-12-11,148,Creag Mhor,1046.8,S2A_MSIL2A_20221211T114501_R123_T30VUH_20221212T030724,2022-12-11T11:45,True,inversion,0.0,0.2076280749266531,False,,N,,
2022-01-22_munro-76.png,2022-01-22,76,Ben Vane,915.76,S2A_MSIL2A_20220122T113401_R080_T30VUH_20220123T081832,2022-01-22T11:34,True,summit_cloud,0.9919354838709676,0.9468156725461156,False,,N,,
2023-05-12_munro-27.png,2023-05-12,27,Stob Binnein,1165.0,S2B_MSIL2A_20230512T113319_R080_T30VVH_20230512T153004,2023-05-12T11:33,True,inversion,0.0,0.2962283494307451,False,,N,,
2024-08-04_munro-1088.png,2024-08-04,1088,Glas Leathad Mor (Ben Wyvis),1046.0,S2B_MSIL2A_20240804T113319_R080_T30VVJ_20240804T130554,2024-08-04T11:33,True,summit_cloud,1.0,1.0,False,,N,,
2019-05-21_munro-27.png,2019-05-21,27,Stob Binnein,1165.0,S2A_MSIL2A_20190521T114351_R123_T30VVH_20201006T164458,2019-05-21T11:43,False,inversion,0.0,0.2107322074138024,False,,N,,
2021-03-14_munro-983.png,2021-03-14,983,Beinn Liath Mhor,926.0,S2A_MSIL2A_20210314T115401_R023_T30VUJ_20210315T000550,2021-03-14T11:54,False,inversion,0.0,0.3003994432003873,False,,N,,
2021-05-07_munro-1165.png,2021-05-07,1165,Ben Klibreck - Meall nan Con,962.1,S2A_MSIL2A_20210507T113321_R080_T30VVK_20210524T044438,2021-05-07T11:33,False,mixed,0.3231441048034934,0.2862291143387572,False,,N,,
2021-02-26_munro-1165.png,2021-02-26,1165,Ben Klibreck - Meall nan Con,962.1,S2A_MSIL2A_20210226T113321_R080_T30VVK_20210227T001232,2021-02-26T11:33,False,mixed,0.3318777292576419,0.810172545593535,False,,N,,
2020-06-04_munro-303.png,2020-06-04,303,Am Bodach,1031.8,S2A_MSIL2A_20200604T114401_R123_T30VUH_20200826T023732,2020-06-04T11:44,False,mixed,0.2068965517241379,0.5141503629875723,False,,N,,
2020-12-03_munro-345.png,2020-12-03,345,Ben Alder,1148.0,S2B_MSIL2A_20201203T113439_R080_T30VVJ_20201204T063419,2020-12-03T11:34,False,inversion,0.0072090628218331,0.3037491919844861,False,,N,,
2025-11-25_munro-1088.png,2025-11-25,1088,Glas Leathad Mor (Ben Wyvis),1046.0,S2C_MSIL2A_20251125T114431_R123_T30VVJ_20251125T150420,2025-11-25T11:44,True,inversion,0.0,0.1576011157601115,False,,N,,
